[{
  "comparatorType": null,
  "fitOutcomeModel": true,
  "getDbCohortMethodDataArgs": {
    "restrictToCommonPeriod": false,
    "removeDuplicateSubjects": "keep all",
    "maxCohortSize": 0,
    "excludeDrugsFromCovariates": false,
    "covariateSettings": {
      "VisitCountMediumTerm": false,
      "ObservationShortTerm": true,
      "shortTermStartDays": -30,
      "MeasurementRangeGroupShortTerm": false,
      "ConditionOccurrenceLongTerm": false,
      "DrugEraStartLongTerm": false,
      "VisitCountShortTerm": false,
      "Chads2Vasc": true,
      "ConditionGroupEraStartLongTerm": false,
      "ConditionEraShortTerm": false,
      "Dcsi": true,
      "DrugGroupEraLongTerm": true,
      "DrugGroupEraShortTerm": true,
      "ConditionEraStartLongTerm": false,
      "temporal": false,
      "DemographicsIndexMonth": true,
      "ConditionOccurrencePrimaryInpatientLongTerm": false,
      "ConditionEraAnyTimePrior": false,
      "addDescendantsToInclude": false,
      "ConditionGroupEraStartMediumTerm": false,
      "ProcedureOccurrenceLongTerm": true,
      "DrugExposureLongTerm": false,
      "DrugEraStartShortTerm": false,
      "DistinctIngredientCountMediumTerm": false,
      "DistinctMeasurementCountShortTerm": false,
      "MeasurementRangeGroupLongTerm": true,
      "ConditionGroupEraOverlapping": false,
      "attr_fun": "getDbDefaultCovariateData",
      "MeasurementRangeGroupMediumTerm": false,
      "DrugGroupEraStartMediumTerm": false,
      "MeasurementAnyTimePrior": false,
      "MeasurementMediumTerm": false,
      "includedCovariateIds": [],
      "ConditionOccurrenceAnyTimePrior": false,
      "DistinctConditionCountLongTerm": false,
      "MeasurementValueLongTerm": false,
      "DrugEraShortTerm": false,
      "DrugGroupEraAnyTimePrior": false,
      "DrugEraOverlapping": false,
      "ConditionOccurrencePrimaryInpatientAnyTimePrior": false,
      "ConditionEraMediumTerm": false,
      "ConditionEraOverlapping": false,
      "ConditionEraStartShortTerm": false,
      "ObservationAnyTimePrior": false,
      "VisitConceptCountShortTerm": false,
      "DemographicsEthnicity": true,
      "DistinctIngredientCountLongTerm": false,
      "ConditionOccurrencePrimaryInpatientShortTerm": false,
      "DemographicsAgeGroup": true,
      "DistinctProcedureCountShortTerm": false,
      "DistinctObservationCountMediumTerm": false,
      "includedCovariateConceptIds": [],
      "DrugGroupEraStartShortTerm": false,
      "addDescendantsToExclude": false,
      "DrugEraLongTerm": false,
      "DistinctConditionCountShortTerm": false,
      "ConditionGroupEraShortTerm": true,
      "ConditionEraStartMediumTerm": false,
      "VisitCountLongTerm": false,
      "DemographicsRace": true,
      "ProcedureOccurrenceAnyTimePrior": false,
      "DistinctObservationCountLongTerm": false,
      "attr_class": "covariateSettings",
      "ProcedureOccurrenceMediumTerm": false,
      "CharlsonIndex": true,
      "DemographicsPriorObservationTime": false,
      "MeasurementShortTerm": true,
      "DistinctProcedureCountMediumTerm": false,
      "ConditionEraLongTerm": false,
      "DrugGroupEraStartLongTerm": false,
      "DemographicsGender": true,
      "DeviceExposureAnyTimePrior": false,
      "ObservationLongTerm": true,
      "DemographicsIndexYearMonth": false,
      "ConditionOccurrenceMediumTerm": false,
      "longTermStartDays": -365,
      "DemographicsAge": false,
      "DrugGroupEraOverlapping": true,
      "DistinctMeasurementCountLongTerm": false,
      "MeasurementRangeGroupAnyTimePrior": false,
      "DistinctConditionCountMediumTerm": false,
      "DrugGroupEraMediumTerm": false,
      "ProcedureOccurrenceShortTerm": true,
      "ObservationMediumTerm": false,
      "ConditionGroupEraAnyTimePrior": false,
      "Chads2": true,
      "DrugExposureAnyTimePrior": false,
      "DeviceExposureLongTerm": true,
      "DemographicsTimeInCohort": false,
      "DistinctMeasurementCountMediumTerm": false,
      "MeasurementValueShortTerm": false,
      "DeviceExposureMediumTerm": false,
      "ConditionGroupEraStartShortTerm": false,
      "ConditionOccurrencePrimaryInpatientMediumTerm": false,
      "MeasurementLongTerm": true,
      "DemographicsIndexYear": true,
      "MeasurementValueMediumTerm": false,
      "DrugEraStartMediumTerm": false,
      "MeasurementValueAnyTimePrior": false,
      "DistinctObservationCountShortTerm": false,
      "DrugEraMediumTerm": false,
      "ConditionGroupEraLongTerm": true,
      "DrugExposureShortTerm": false,
      "DistinctIngredientCountShortTerm": false,
      "DeviceExposureShortTerm": true,
      "mediumTermStartDays": -180,
      "DemographicsPostObservationTime": false,
      "VisitConceptCountLongTerm": false,
      "VisitConceptCountMediumTerm": false,
      "excludedCovariateConceptIds": [],
      "ConditionGroupEraMediumTerm": false,
      "DrugExposureMediumTerm": false,
      "DistinctProcedureCountLongTerm": false,
      "DrugEraAnyTimePrior": false,
      "endDays": 0,
      "ConditionOccurrenceShortTerm": false
    },
    "studyStartDate": 19991010,
    "washoutPeriod": 0,
    "firstExposureOnly": false,
    "attr_class": "args",
    "studyEndDate": 20210901
  },
  "trimByPs": false,
  "createStudyPopArgs": {
    "restrictToCommonPeriod": false,
    "removeDuplicateSubjects": "keep all",
    "minDaysAtRisk": 1,
    "addExposureDaysToStart": false,
    "riskWindowStart": 0,
    "washoutPeriod": 0,
    "attr_class": "args",
    "censorAtNewRiskWindow": false,
    "addExposureDaysToEnd": true,
    "priorOutcomeLookback": 99999,
    "removeSubjectsWithPriorOutcome": false,
    "riskWindowEnd": 0,
    "firstExposureOnly": false
  },
  "description": "New analysis 1",
  "trimByPsArgs": {
    "trimFraction": 0.05,
    "attr_class": "args"
  },
  "targetType": null,
  "attr_class": "cmAnalysis",
  "stratifyByPs": true,
  "stratifyByPsAndCovariates": false,
  "matchOnPsAndCovariatesArgs": {
    "caliper": 0.2,
    "caliperScale": "standardized logit",
    "maxRatio": 1,
    "covariateIds": [],
    "attr_class": "args"
  },
  "trimByPsToEquipoise": false,
  "matchOnPs": false,
  "stratifyByPsAndCovariatesArgs": {
    "baseSelection": "all",
    "covariateIds": [],
    "numberOfStrata": 5,
    "attr_class": "args"
  },
  "matchOnPsArgs": {
    "caliper": 0.2,
    "caliperScale": "standardized logit",
    "maxRatio": 1,
    "attr_class": "args",
    "stratificationColumns": []
  },
  "stratifyByPsArgs": {
    "baseSelection": "all",
    "numberOfStrata": 5,
    "attr_class": "args",
    "stratificationColumns": []
  },
  "matchOnPsAndCovariates": false,
  "analysisId": 1,
  "createPsArgs": {
    "stopOnError": true,
    "excludeCovariateIds": [],
    "prior": {
      "variance": [1],
      "useCrossValidation": true,
      "priorType": "laplace",
      "exclude": [0],
      "neighborhood": null,
      "attr_class": "cyclopsPrior",
      "forceIntercept": false,
      "graph": null
    },
    "errorOnHighCorrelation": true,
    "control": {
      "maxIterations": 1000,
      "autoSearch": true,
      "seed": 1,
      "initialBound": 2,
      "gridSteps": 10,
      "threads": 1,
      "startingVariance": 0.01,
      "useKKTSwindle": false,
      "lowerLimit": 0.01,
      "attr_class": "cyclopsControl",
      "cvRepetitions": 10,
      "noiseLevel": "silent",
      "fold": 10,
      "minCVData": 100,
      "resetCoefficients": false,
      "upperLimit": 20,
      "cvType": "auto",
      "selectorType": "auto",
      "convergenceType": "gradient",
      "tuneSwindle": 10,
      "maxBoundCount": 5,
      "tolerance": 2.0E-7,
      "algorithm": "ccd"
    },
    "attr_class": "args",
    "includeCovariateIds": [],
    "maxCohortSizeForFitting": 250000
  },
  "trimByPsToEquipoiseArgs": {
    "bounds": [
      0.25,
      0.75
    ],
    "attr_class": "args"
  },
  "fitOutcomeModelArgs": {
    "excludeCovariateIds": [],
    "useCovariates": false,
    "prior": {
      "variance": [1],
      "useCrossValidation": true,
      "priorType": "laplace",
      "exclude": [0],
      "neighborhood": null,
      "attr_class": "cyclopsPrior",
      "forceIntercept": false,
      "graph": null
    },
    "inversePtWeighting": false,
    "control": {
      "maxIterations": 1000,
      "autoSearch": true,
      "seed": 1,
      "initialBound": 2,
      "gridSteps": 10,
      "threads": 1,
      "startingVariance": 0.01,
      "useKKTSwindle": false,
      "lowerLimit": 0.01,
      "attr_class": "cyclopsControl",
      "cvRepetitions": 10,
      "noiseLevel": "quiet",
      "fold": 10,
      "minCVData": 100,
      "resetCoefficients": false,
      "upperLimit": 20,
      "cvType": "auto",
      "selectorType": "auto",
      "convergenceType": "gradient",
      "tuneSwindle": 10,
      "maxBoundCount": 5,
      "tolerance": 2.0E-7,
      "algorithm": "ccd"
    },
    "modelType": "cox",
    "stratified": true,
    "attr_class": "args",
    "interactionCovariateIds": [],
    "includeCovariateIds": []
  },
  "createPs": true
}]