{
  "skeletonType": "ComparativeEffectStudy",
  "positiveControlSynthesisArgs": {
    "outputIdOffset": 10000,
    "precision": 0.01,
    "riskWindowStart": 0,
    "control": {
      "maxIterations": 1000,
      "autoSearch": true,
      "seed": 1,
      "initialBound": 2,
      "gridSteps": 10,
      "threads": 1,
      "startingVariance": 0.01,
      "useKKTSwindle": false,
      "lowerLimit": 0.01,
      "attr_class": "cyclopsControl",
      "cvRepetitions": 1,
      "noiseLevel": "quiet",
      "fold": 10,
      "minCVData": 100,
      "resetCoefficients": false,
      "upperLimit": 20,
      "cvType": "auto",
      "selectorType": "auto",
      "convergenceType": "gradient",
      "tuneSwindle": 10,
      "maxBoundCount": 5,
      "tolerance": 1.0E-6,
      "algorithm": "ccd"
    },
    "washoutPeriod": 365,
    "modelType": "survival",
    "addExposureDaysToEnd": true,
    "minOutcomeCountForModel": 50,
    "firstOutcomeOnly": true,
    "maxSubjectsForModel": 250000,
    "minOutcomeCountForInjection": 25,
    "prior": {
      "variance": [1],
      "useCrossValidation": true,
      "priorType": "laplace",
      "exclude": [0],
      "neighborhood": null,
      "attr_class": "cyclopsPrior",
      "forceIntercept": false,
      "graph": null
    },
    "effectSizes": [
      1.5,
      2,
      4
    ],
    "covariateSettings": {
      "VisitCountMediumTerm": false,
      "ObservationShortTerm": true,
      "shortTermStartDays": -30,
      "MeasurementRangeGroupShortTerm": false,
      "ConditionOccurrenceLongTerm": false,
      "DrugEraStartLongTerm": false,
      "VisitCountShortTerm": false,
      "Chads2Vasc": true,
      "ConditionGroupEraStartLongTerm": false,
      "ConditionEraShortTerm": false,
      "Dcsi": true,
      "DrugGroupEraLongTerm": true,
      "DrugGroupEraShortTerm": true,
      "ConditionEraStartLongTerm": false,
      "temporal": false,
      "DemographicsIndexMonth": true,
      "ConditionOccurrencePrimaryInpatientLongTerm": false,
      "ConditionEraAnyTimePrior": false,
      "addDescendantsToInclude": false,
      "ConditionGroupEraStartMediumTerm": false,
      "ProcedureOccurrenceLongTerm": true,
      "DrugExposureLongTerm": false,
      "DrugEraStartShortTerm": false,
      "DistinctIngredientCountMediumTerm": false,
      "DistinctMeasurementCountShortTerm": false,
      "MeasurementRangeGroupLongTerm": true,
      "ConditionGroupEraOverlapping": false,
      "attr_fun": "getDbDefaultCovariateData",
      "MeasurementRangeGroupMediumTerm": false,
      "DrugGroupEraStartMediumTerm": false,
      "MeasurementAnyTimePrior": false,
      "MeasurementMediumTerm": false,
      "includedCovariateIds": [],
      "ConditionOccurrenceAnyTimePrior": false,
      "DistinctConditionCountLongTerm": false,
      "MeasurementValueLongTerm": false,
      "DrugEraShortTerm": false,
      "DrugGroupEraAnyTimePrior": false,
      "DrugEraOverlapping": false,
      "ConditionOccurrencePrimaryInpatientAnyTimePrior": false,
      "ConditionEraMediumTerm": false,
      "ConditionEraOverlapping": false,
      "ConditionEraStartShortTerm": false,
      "ObservationAnyTimePrior": false,
      "VisitConceptCountShortTerm": false,
      "DemographicsEthnicity": true,
      "DistinctIngredientCountLongTerm": false,
      "ConditionOccurrencePrimaryInpatientShortTerm": false,
      "DemographicsAgeGroup": true,
      "DistinctProcedureCountShortTerm": false,
      "DistinctObservationCountMediumTerm": false,
      "includedCovariateConceptIds": [],
      "DrugGroupEraStartShortTerm": false,
      "addDescendantsToExclude": false,
      "DrugEraLongTerm": false,
      "DistinctConditionCountShortTerm": false,
      "ConditionGroupEraShortTerm": true,
      "ConditionEraStartMediumTerm": false,
      "VisitCountLongTerm": false,
      "DemographicsRace": true,
      "ProcedureOccurrenceAnyTimePrior": false,
      "DistinctObservationCountLongTerm": false,
      "attr_class": "covariateSettings",
      "ProcedureOccurrenceMediumTerm": false,
      "CharlsonIndex": true,
      "DemographicsPriorObservationTime": false,
      "MeasurementShortTerm": true,
      "DistinctProcedureCountMediumTerm": false,
      "ConditionEraLongTerm": false,
      "DrugGroupEraStartLongTerm": false,
      "DemographicsGender": true,
      "DeviceExposureAnyTimePrior": false,
      "ObservationLongTerm": true,
      "DemographicsIndexYearMonth": false,
      "ConditionOccurrenceMediumTerm": false,
      "longTermStartDays": -365,
      "DemographicsAge": false,
      "DrugGroupEraOverlapping": true,
      "DistinctMeasurementCountLongTerm": false,
      "MeasurementRangeGroupAnyTimePrior": false,
      "DistinctConditionCountMediumTerm": false,
      "DrugGroupEraMediumTerm": false,
      "ProcedureOccurrenceShortTerm": true,
      "ObservationMediumTerm": false,
      "ConditionGroupEraAnyTimePrior": false,
      "Chads2": true,
      "DrugExposureAnyTimePrior": false,
      "DeviceExposureLongTerm": true,
      "DemographicsTimeInCohort": false,
      "DistinctMeasurementCountMediumTerm": false,
      "MeasurementValueShortTerm": false,
      "DeviceExposureMediumTerm": false,
      "ConditionGroupEraStartShortTerm": false,
      "ConditionOccurrencePrimaryInpatientMediumTerm": false,
      "MeasurementLongTerm": true,
      "DemographicsIndexYear": true,
      "MeasurementValueMediumTerm": false,
      "DrugEraStartMediumTerm": false,
      "MeasurementValueAnyTimePrior": false,
      "DistinctObservationCountShortTerm": false,
      "DrugEraMediumTerm": false,
      "ConditionGroupEraLongTerm": true,
      "DrugExposureShortTerm": false,
      "DistinctIngredientCountShortTerm": false,
      "DeviceExposureShortTerm": true,
      "mediumTermStartDays": -180,
      "DemographicsPostObservationTime": false,
      "VisitConceptCountLongTerm": false,
      "VisitConceptCountMediumTerm": false,
      "excludedCovariateConceptIds": [],
      "ConditionGroupEraMediumTerm": false,
      "DrugExposureMediumTerm": false,
      "DistinctProcedureCountLongTerm": false,
      "DrugEraAnyTimePrior": false,
      "endDays": 0,
      "ConditionOccurrenceShortTerm": false
    },
    "riskWindowEnd": 30,
    "firstExposureOnly": true,
    "removePeopleWithPriorOutcomes": true
  },
  "organizationName": "OHDSI",
  "negativeControlExposureCohortDefinition": {},
  "version": "v2.7.0",
  "estimationAnalysisSettings": {
    "analysisSpecification": {
      "targetComparatorOutcomes": [{
        "targetId": 574,
        "comparatorId": 573,
        "includedCovariateConceptIds": [],
        "excludedCovariateConceptIds": [],
        "outcomeIds": [575]
      }],
      "cohortMethodAnalysisList": [{
        "comparatorType": null,
        "fitOutcomeModel": true,
        "getDbCohortMethodDataArgs": {
          "restrictToCommonPeriod": false,
          "removeDuplicateSubjects": "keep all",
          "maxCohortSize": 0,
          "excludeDrugsFromCovariates": false,
          "covariateSettings": {
            "VisitCountMediumTerm": false,
            "ObservationShortTerm": true,
            "shortTermStartDays": -30,
            "MeasurementRangeGroupShortTerm": false,
            "ConditionOccurrenceLongTerm": false,
            "DrugEraStartLongTerm": false,
            "VisitCountShortTerm": false,
            "Chads2Vasc": true,
            "ConditionGroupEraStartLongTerm": false,
            "ConditionEraShortTerm": false,
            "Dcsi": true,
            "DrugGroupEraLongTerm": true,
            "DrugGroupEraShortTerm": true,
            "ConditionEraStartLongTerm": false,
            "temporal": false,
            "DemographicsIndexMonth": true,
            "ConditionOccurrencePrimaryInpatientLongTerm": false,
            "ConditionEraAnyTimePrior": false,
            "addDescendantsToInclude": false,
            "ConditionGroupEraStartMediumTerm": false,
            "ProcedureOccurrenceLongTerm": true,
            "DrugExposureLongTerm": false,
            "DrugEraStartShortTerm": false,
            "DistinctIngredientCountMediumTerm": false,
            "DistinctMeasurementCountShortTerm": false,
            "MeasurementRangeGroupLongTerm": true,
            "ConditionGroupEraOverlapping": false,
            "attr_fun": "getDbDefaultCovariateData",
            "MeasurementRangeGroupMediumTerm": false,
            "DrugGroupEraStartMediumTerm": false,
            "MeasurementAnyTimePrior": false,
            "MeasurementMediumTerm": false,
            "includedCovariateIds": [],
            "ConditionOccurrenceAnyTimePrior": false,
            "DistinctConditionCountLongTerm": false,
            "MeasurementValueLongTerm": false,
            "DrugEraShortTerm": false,
            "DrugGroupEraAnyTimePrior": false,
            "DrugEraOverlapping": false,
            "ConditionOccurrencePrimaryInpatientAnyTimePrior": false,
            "ConditionEraMediumTerm": false,
            "ConditionEraOverlapping": false,
            "ConditionEraStartShortTerm": false,
            "ObservationAnyTimePrior": false,
            "VisitConceptCountShortTerm": false,
            "DemographicsEthnicity": true,
            "DistinctIngredientCountLongTerm": false,
            "ConditionOccurrencePrimaryInpatientShortTerm": false,
            "DemographicsAgeGroup": true,
            "DistinctProcedureCountShortTerm": false,
            "DistinctObservationCountMediumTerm": false,
            "includedCovariateConceptIds": [],
            "DrugGroupEraStartShortTerm": false,
            "addDescendantsToExclude": false,
            "DrugEraLongTerm": false,
            "DistinctConditionCountShortTerm": false,
            "ConditionGroupEraShortTerm": true,
            "ConditionEraStartMediumTerm": false,
            "VisitCountLongTerm": false,
            "DemographicsRace": true,
            "ProcedureOccurrenceAnyTimePrior": false,
            "DistinctObservationCountLongTerm": false,
            "attr_class": "covariateSettings",
            "ProcedureOccurrenceMediumTerm": false,
            "CharlsonIndex": true,
            "DemographicsPriorObservationTime": false,
            "MeasurementShortTerm": true,
            "DistinctProcedureCountMediumTerm": false,
            "ConditionEraLongTerm": false,
            "DrugGroupEraStartLongTerm": false,
            "DemographicsGender": true,
            "DeviceExposureAnyTimePrior": false,
            "ObservationLongTerm": true,
            "DemographicsIndexYearMonth": false,
            "ConditionOccurrenceMediumTerm": false,
            "longTermStartDays": -365,
            "DemographicsAge": false,
            "DrugGroupEraOverlapping": true,
            "DistinctMeasurementCountLongTerm": false,
            "MeasurementRangeGroupAnyTimePrior": false,
            "DistinctConditionCountMediumTerm": false,
            "DrugGroupEraMediumTerm": false,
            "ProcedureOccurrenceShortTerm": true,
            "ObservationMediumTerm": false,
            "ConditionGroupEraAnyTimePrior": false,
            "Chads2": true,
            "DrugExposureAnyTimePrior": false,
            "DeviceExposureLongTerm": true,
            "DemographicsTimeInCohort": false,
            "DistinctMeasurementCountMediumTerm": false,
            "MeasurementValueShortTerm": false,
            "DeviceExposureMediumTerm": false,
            "ConditionGroupEraStartShortTerm": false,
            "ConditionOccurrencePrimaryInpatientMediumTerm": false,
            "MeasurementLongTerm": true,
            "DemographicsIndexYear": true,
            "MeasurementValueMediumTerm": false,
            "DrugEraStartMediumTerm": false,
            "MeasurementValueAnyTimePrior": false,
            "DistinctObservationCountShortTerm": false,
            "DrugEraMediumTerm": false,
            "ConditionGroupEraLongTerm": true,
            "DrugExposureShortTerm": false,
            "DistinctIngredientCountShortTerm": false,
            "DeviceExposureShortTerm": true,
            "mediumTermStartDays": -180,
            "DemographicsPostObservationTime": false,
            "VisitConceptCountLongTerm": false,
            "VisitConceptCountMediumTerm": false,
            "excludedCovariateConceptIds": [],
            "ConditionGroupEraMediumTerm": false,
            "DrugExposureMediumTerm": false,
            "DistinctProcedureCountLongTerm": false,
            "DrugEraAnyTimePrior": false,
            "endDays": 0,
            "ConditionOccurrenceShortTerm": false
          },
          "studyStartDate": 19991010,
          "washoutPeriod": 0,
          "firstExposureOnly": false,
          "attr_class": "args",
          "studyEndDate": 20210901
        },
        "trimByPs": false,
        "createStudyPopArgs": {
          "restrictToCommonPeriod": false,
          "removeDuplicateSubjects": "keep all",
          "minDaysAtRisk": 1,
          "addExposureDaysToStart": false,
          "riskWindowStart": 0,
          "washoutPeriod": 0,
          "attr_class": "args",
          "censorAtNewRiskWindow": false,
          "addExposureDaysToEnd": true,
          "priorOutcomeLookback": 99999,
          "removeSubjectsWithPriorOutcome": false,
          "riskWindowEnd": 0,
          "firstExposureOnly": false
        },
        "description": "New analysis 1",
        "trimByPsArgs": {
          "trimFraction": 0.05,
          "attr_class": "args"
        },
        "targetType": null,
        "attr_class": "cmAnalysis",
        "stratifyByPs": true,
        "stratifyByPsAndCovariates": false,
        "matchOnPsAndCovariatesArgs": {
          "caliper": 0.2,
          "caliperScale": "standardized logit",
          "maxRatio": 1,
          "covariateIds": [],
          "attr_class": "args"
        },
        "trimByPsToEquipoise": false,
        "matchOnPs": false,
        "stratifyByPsAndCovariatesArgs": {
          "baseSelection": "all",
          "covariateIds": [],
          "numberOfStrata": 5,
          "attr_class": "args"
        },
        "matchOnPsArgs": {
          "caliper": 0.2,
          "caliperScale": "standardized logit",
          "maxRatio": 1,
          "attr_class": "args",
          "stratificationColumns": []
        },
        "stratifyByPsArgs": {
          "baseSelection": "all",
          "numberOfStrata": 5,
          "attr_class": "args",
          "stratificationColumns": []
        },
        "matchOnPsAndCovariates": false,
        "analysisId": 1,
        "createPsArgs": {
          "stopOnError": true,
          "excludeCovariateIds": [],
          "prior": {
            "variance": [1],
            "useCrossValidation": true,
            "priorType": "laplace",
            "exclude": [0],
            "neighborhood": null,
            "attr_class": "cyclopsPrior",
            "forceIntercept": false,
            "graph": null
          },
          "errorOnHighCorrelation": true,
          "control": {
            "maxIterations": 1000,
            "autoSearch": true,
            "seed": 1,
            "initialBound": 2,
            "gridSteps": 10,
            "threads": 1,
            "startingVariance": 0.01,
            "useKKTSwindle": false,
            "lowerLimit": 0.01,
            "attr_class": "cyclopsControl",
            "cvRepetitions": 10,
            "noiseLevel": "silent",
            "fold": 10,
            "minCVData": 100,
            "resetCoefficients": false,
            "upperLimit": 20,
            "cvType": "auto",
            "selectorType": "auto",
            "convergenceType": "gradient",
            "tuneSwindle": 10,
            "maxBoundCount": 5,
            "tolerance": 2.0E-7,
            "algorithm": "ccd"
          },
          "attr_class": "args",
          "includeCovariateIds": [],
          "maxCohortSizeForFitting": 250000
        },
        "trimByPsToEquipoiseArgs": {
          "bounds": [
            0.25,
            0.75
          ],
          "attr_class": "args"
        },
        "fitOutcomeModelArgs": {
          "excludeCovariateIds": [],
          "useCovariates": false,
          "prior": {
            "variance": [1],
            "useCrossValidation": true,
            "priorType": "laplace",
            "exclude": [0],
            "neighborhood": null,
            "attr_class": "cyclopsPrior",
            "forceIntercept": false,
            "graph": null
          },
          "inversePtWeighting": false,
          "control": {
            "maxIterations": 1000,
            "autoSearch": true,
            "seed": 1,
            "initialBound": 2,
            "gridSteps": 10,
            "threads": 1,
            "startingVariance": 0.01,
            "useKKTSwindle": false,
            "lowerLimit": 0.01,
            "attr_class": "cyclopsControl",
            "cvRepetitions": 10,
            "noiseLevel": "quiet",
            "fold": 10,
            "minCVData": 100,
            "resetCoefficients": false,
            "upperLimit": 20,
            "cvType": "auto",
            "selectorType": "auto",
            "convergenceType": "gradient",
            "tuneSwindle": 10,
            "maxBoundCount": 5,
            "tolerance": 2.0E-7,
            "algorithm": "ccd"
          },
          "modelType": "cox",
          "stratified": true,
          "attr_class": "args",
          "interactionCovariateIds": [],
          "includeCovariateIds": []
        },
        "createPs": true
      }]
    },
    "estimationType": "ComparativeCohortAnalysis"
  },
  "skeletonVersion": "v0.0.1",
  "negativeControlOutcomeCohortDefinition": {
    "detectOnDescendants": true,
    "domains": ["condition"],
    "occurrenceType": "first"
  },
  "conceptSetCrossReference": [{
    "targetName": "negativeControlOutcomes",
    "conceptSetId": 328,
    "propertyName": "outcomeId",
    "targetIndex": 0
  }],
  "cohortDefinitions": [
    {
      "expression": {
        "ExpressionLimit": {"Type": "First"},
        "CollapseSettings": {
          "CollapseType": "ERA",
          "EraPad": 0
        },
        "CensorWindow": {
          "StartDate": null,
          "EndDate": null
        },
        "ConceptSets": [{
          "expression": {"items": [
            {
              "isExcluded": false,
              "concept": {
                "INVALID_REASON_CAPTION": "Valid",
                "CONCEPT_ID": 316866,
                "STANDARD_CONCEPT": "S",
                "CONCEPT_CODE": "38341003",
                "VOCABULARY_ID": "SNOMED",
                "CONCEPT_NAME": "Hypertensive disorder",
                "DOMAIN_ID": "Condition",
                "STANDARD_CONCEPT_CAPTION": "Standard",
                "CONCEPT_CLASS_ID": "Clinical Finding",
                "INVALID_REASON": "V"
              },
              "includeMapped": false,
              "includeDescendants": true
            },
            {
              "isExcluded": false,
              "concept": {
                "INVALID_REASON_CAPTION": "Valid",
                "CONCEPT_ID": 4322024,
                "STANDARD_CONCEPT": "S",
                "CONCEPT_CODE": "70995007",
                "VOCABULARY_ID": "SNOMED",
                "CONCEPT_NAME": "Pulmonary hypertension",
                "DOMAIN_ID": "Condition",
                "STANDARD_CONCEPT_CAPTION": "Standard",
                "CONCEPT_CLASS_ID": "Clinical Finding",
                "INVALID_REASON": "V"
              },
              "includeMapped": false,
              "includeDescendants": true
            },
            {
              "isExcluded": true,
              "concept": {
                "INVALID_REASON_CAPTION": "Valid",
                "CONCEPT_ID": 4167493,
                "STANDARD_CONCEPT": "S",
                "CONCEPT_CODE": "48194001",
                "VOCABULARY_ID": "SNOMED",
                "CONCEPT_NAME": "Pregnancy-induced hypertension",
                "DOMAIN_ID": "Condition",
                "STANDARD_CONCEPT_CAPTION": "Standard",
                "CONCEPT_CLASS_ID": "Clinical Finding",
                "INVALID_REASON": "V"
              },
              "includeMapped": false,
              "includeDescendants": true
            },
            {
              "isExcluded": false,
              "concept": {
                "INVALID_REASON_CAPTION": "Valid",
                "CONCEPT_ID": 42709887,
                "STANDARD_CONCEPT": "S",
                "CONCEPT_CODE": "449759005",
                "VOCABULARY_ID": "SNOMED",
                "CONCEPT_NAME": "Hypertensive complication",
                "DOMAIN_ID": "Condition",
                "STANDARD_CONCEPT_CAPTION": "Standard",
                "CONCEPT_CLASS_ID": "Clinical Finding",
                "INVALID_REASON": "V"
              },
              "includeMapped": false,
              "includeDescendants": true
            }
          ]},
          "name": "Hypertension",
          "id": 0
        }],
        "cdmVersionRange": ">=5.0.0",
        "CensoringCriteria": [],
        "QualifiedLimit": {"Type": "First"},
        "InclusionRules": [],
        "PrimaryCriteria": {
          "CriteriaList": [{"ConditionOccurrence": {
            "OccurrenceEndDate": null,
            "CorrelatedCriteria": null,
            "ConditionTypeExclude": false,
            "CodesetId": 0,
            "ProviderSpecialty": null,
            "Gender": null,
            "VisitType": null,
            "First": null,
            "OccurrenceStartDate": null,
            "ConditionType": null,
            "ConditionSourceConcept": null,
            "ConditionStatus": null,
            "StopReason": null,
            "Age": null
          }}],
          "PrimaryCriteriaLimit": {"Type": "First"},
          "ObservationWindow": {
            "PostDays": 0,
            "PriorDays": 365
          }
        }
      },
      "createdDate": null,
      "createdBy": null,
      "name": "hypertension",
      "modifiedDate": null,
      "description": null,
      "expressionType": "SIMPLE_EXPRESSION",
      "modifiedBy": null,
      "id": 574
    },
    {
      "expression": {
        "ExpressionLimit": {"Type": "First"},
        "CollapseSettings": {
          "CollapseType": "ERA",
          "EraPad": 0
        },
        "CensorWindow": {
          "StartDate": null,
          "EndDate": null
        },
        "ConceptSets": [
          {
            "expression": {"items": [
              {
                "isExcluded": false,
                "concept": {
                  "INVALID_REASON_CAPTION": "Valid",
                  "CONCEPT_ID": 3038553,
                  "STANDARD_CONCEPT": "S",
                  "CONCEPT_CODE": "39156-5",
                  "VOCABULARY_ID": "LOINC",
                  "CONCEPT_NAME": "Body mass index (BMI) [Ratio]",
                  "DOMAIN_ID": "Measurement",
                  "STANDARD_CONCEPT_CAPTION": "Standard",
                  "CONCEPT_CLASS_ID": "Clinical Observation",
                  "INVALID_REASON": "V"
                },
                "includeMapped": false,
                "includeDescendants": true
              },
              {
                "isExcluded": false,
                "concept": {
                  "INVALID_REASON_CAPTION": "Valid",
                  "CONCEPT_ID": 36304833,
                  "STANDARD_CONCEPT": "S",
                  "CONCEPT_CODE": "89270-3",
                  "VOCABULARY_ID": "LOINC",
                  "CONCEPT_NAME": "Body mass index (BMI) [Ratio] Estimated",
                  "DOMAIN_ID": "Measurement",
                  "STANDARD_CONCEPT_CAPTION": "Standard",
                  "CONCEPT_CLASS_ID": "Clinical Observation",
                  "INVALID_REASON": "V"
                },
                "includeMapped": false,
                "includeDescendants": true
              }
            ]},
            "name": "BMI measurement",
            "id": 0
          },
          {
            "expression": {"items": [
              {
                "isExcluded": false,
                "concept": {
                  "INVALID_REASON_CAPTION": "Valid",
                  "CONCEPT_ID": 4060985,
                  "STANDARD_CONCEPT": "S",
                  "CONCEPT_CODE": "162864005",
                  "VOCABULARY_ID": "SNOMED",
                  "CONCEPT_NAME": "Body mass index 30+ - obesity",
                  "DOMAIN_ID": "Observation",
                  "STANDARD_CONCEPT_CAPTION": "Standard",
                  "CONCEPT_CLASS_ID": "Clinical Finding",
                  "INVALID_REASON": "V"
                },
                "includeMapped": false,
                "includeDescendants": true
              },
              {
                "isExcluded": false,
                "concept": {
                  "INVALID_REASON_CAPTION": "Valid",
                  "CONCEPT_ID": 4256640,
                  "STANDARD_CONCEPT": "S",
                  "CONCEPT_CODE": "408512008",
                  "VOCABULARY_ID": "SNOMED",
                  "CONCEPT_NAME": "Body mass index 40+ - severely obese",
                  "DOMAIN_ID": "Observation",
                  "STANDARD_CONCEPT_CAPTION": "Standard",
                  "CONCEPT_CLASS_ID": "Clinical Finding",
                  "INVALID_REASON": "V"
                },
                "includeMapped": false,
                "includeDescendants": true
              },
              {
                "isExcluded": false,
                "concept": {
                  "INVALID_REASON_CAPTION": "Valid",
                  "CONCEPT_ID": 45766204,
                  "STANDARD_CONCEPT": "S",
                  "CONCEPT_CODE": "703316004",
                  "VOCABULARY_ID": "SNOMED",
                  "CONCEPT_NAME": "Lymphedema associated with obesity",
                  "DOMAIN_ID": "Condition",
                  "STANDARD_CONCEPT_CAPTION": "Standard",
                  "CONCEPT_CLASS_ID": "Clinical Finding",
                  "INVALID_REASON": "V"
                },
                "includeMapped": false,
                "includeDescendants": true
              },
              {
                "isExcluded": false,
                "concept": {
                  "INVALID_REASON_CAPTION": "Valid",
                  "CONCEPT_ID": 433736,
                  "STANDARD_CONCEPT": "S",
                  "CONCEPT_CODE": "414916001",
                  "VOCABULARY_ID": "SNOMED",
                  "CONCEPT_NAME": "Obesity",
                  "DOMAIN_ID": "Condition",
                  "STANDARD_CONCEPT_CAPTION": "Standard",
                  "CONCEPT_CLASS_ID": "Clinical Finding",
                  "INVALID_REASON": "V"
                },
                "includeMapped": false,
                "includeDescendants": true
              },
              {
                "isExcluded": false,
                "concept": {
                  "INVALID_REASON_CAPTION": "Valid",
                  "CONCEPT_ID": 4176962,
                  "STANDARD_CONCEPT": "S",
                  "CONCEPT_CODE": "363247006",
                  "VOCABULARY_ID": "SNOMED",
                  "CONCEPT_NAME": "Obesity associated disorder",
                  "DOMAIN_ID": "Condition",
                  "STANDARD_CONCEPT_CAPTION": "Standard",
                  "CONCEPT_CLASS_ID": "Clinical Finding",
                  "INVALID_REASON": "V"
                },
                "includeMapped": false,
                "includeDescendants": true
              },
              {
                "isExcluded": false,
                "concept": {
                  "INVALID_REASON_CAPTION": "Valid",
                  "CONCEPT_ID": 4081038,
                  "STANDARD_CONCEPT": "S",
                  "CONCEPT_CODE": "276792008",
                  "VOCABULARY_ID": "SNOMED",
                  "CONCEPT_NAME": "Pulmonary hypertension with extreme obesity",
                  "DOMAIN_ID": "Condition",
                  "STANDARD_CONCEPT_CAPTION": "Standard",
                  "CONCEPT_CLASS_ID": "Clinical Finding",
                  "INVALID_REASON": "V"
                },
                "includeMapped": false,
                "includeDescendants": true
              }
            ]},
            "name": "obesity diagnoses",
            "id": 1
          },
          {
            "expression": {"items": [
              {
                "isExcluded": false,
                "concept": {
                  "INVALID_REASON_CAPTION": "Valid",
                  "CONCEPT_ID": 3025315,
                  "STANDARD_CONCEPT": "S",
                  "CONCEPT_CODE": "29463-7",
                  "VOCABULARY_ID": "LOINC",
                  "CONCEPT_NAME": "Body weight",
                  "DOMAIN_ID": "Measurement",
                  "STANDARD_CONCEPT_CAPTION": "Standard",
                  "CONCEPT_CLASS_ID": "Clinical Observation",
                  "INVALID_REASON": "V"
                },
                "includeMapped": false,
                "includeDescendants": true
              },
              {
                "isExcluded": false,
                "concept": {
                  "INVALID_REASON_CAPTION": "Valid",
                  "CONCEPT_ID": 4099154,
                  "STANDARD_CONCEPT": "S",
                  "CONCEPT_CODE": "27113001",
                  "VOCABULARY_ID": "SNOMED",
                  "CONCEPT_NAME": "Body weight",
                  "DOMAIN_ID": "Observation",
                  "STANDARD_CONCEPT_CAPTION": "Standard",
                  "CONCEPT_CLASS_ID": "Observable Entity",
                  "INVALID_REASON": "V"
                },
                "includeMapped": false,
                "includeDescendants": true
              },
              {
                "isExcluded": false,
                "concept": {
                  "INVALID_REASON_CAPTION": "Valid",
                  "CONCEPT_ID": 3013762,
                  "STANDARD_CONCEPT": "S",
                  "CONCEPT_CODE": "3141-9",
                  "VOCABULARY_ID": "LOINC",
                  "CONCEPT_NAME": "Body weight Measured",
                  "DOMAIN_ID": "Measurement",
                  "STANDARD_CONCEPT_CAPTION": "Standard",
                  "CONCEPT_CLASS_ID": "Clinical Observation",
                  "INVALID_REASON": "V"
                },
                "includeMapped": false,
                "includeDescendants": true
              },
              {
                "isExcluded": false,
                "concept": {
                  "INVALID_REASON_CAPTION": "Valid",
                  "CONCEPT_ID": 3027492,
                  "STANDARD_CONCEPT": "S",
                  "CONCEPT_CODE": "8341-0",
                  "VOCABULARY_ID": "LOINC",
                  "CONCEPT_NAME": "Dry body weight Measured",
                  "DOMAIN_ID": "Measurement",
                  "STANDARD_CONCEPT_CAPTION": "Standard",
                  "CONCEPT_CLASS_ID": "Clinical Observation",
                  "INVALID_REASON": "V"
                },
                "includeMapped": false,
                "includeDescendants": true
              },
              {
                "isExcluded": false,
                "concept": {
                  "INVALID_REASON_CAPTION": "Valid",
                  "CONCEPT_ID": 3023166,
                  "STANDARD_CONCEPT": "S",
                  "CONCEPT_CODE": "3142-7",
                  "VOCABULARY_ID": "LOINC",
                  "CONCEPT_NAME": "Body weight Stated",
                  "DOMAIN_ID": "Measurement",
                  "STANDARD_CONCEPT_CAPTION": "Standard",
                  "CONCEPT_CLASS_ID": "Clinical Observation",
                  "INVALID_REASON": "V"
                },
                "includeMapped": false,
                "includeDescendants": true
              },
              {
                "isExcluded": true,
                "concept": {
                  "INVALID_REASON_CAPTION": "Valid",
                  "CONCEPT_ID": 4264825,
                  "STANDARD_CONCEPT": "S",
                  "CONCEPT_CODE": "364589006",
                  "VOCABULARY_ID": "SNOMED",
                  "CONCEPT_NAME": "Birth weight",
                  "DOMAIN_ID": "Observation",
                  "STANDARD_CONCEPT_CAPTION": "Standard",
                  "CONCEPT_CLASS_ID": "Observable Entity",
                  "INVALID_REASON": "V"
                },
                "includeMapped": false,
                "includeDescendants": true
              }
            ]},
            "name": "body weight",
            "id": 2
          }
        ],
        "cdmVersionRange": ">=5.0.0",
        "CensoringCriteria": [],
        "AdditionalCriteria": {
          "CriteriaList": [{
            "RestrictVisit": false,
            "StartWindow": {
              "UseEventEnd": false,
              "Start": {
                "Days": 365,
                "Coeff": -1
              },
              "End": {
                "Days": null,
                "Coeff": 1
              },
              "UseIndexEnd": false
            },
            "IgnoreObservationPeriod": false,
            "EndWindow": null,
            "Criteria": {"ObservationPeriod": {
              "PeriodType": null,
              "CorrelatedCriteria": null,
              "AgeAtStart": null,
              "UserDefinedPeriod": null,
              "AgeAtEnd": null,
              "First": null,
              "PeriodEndDate": null,
              "PeriodStartDate": null,
              "PeriodLength": null
            }},
            "Occurrence": {
              "Type": 2,
              "CountColumn": null,
              "IsDistinct": false,
              "Count": 1
            }
          }],
          "Type": "ALL",
          "DemographicCriteriaList": [],
          "Groups": [],
          "Count": null
        },
        "QualifiedLimit": {"Type": "First"},
        "InclusionRules": [],
        "PrimaryCriteria": {
          "CriteriaList": [
            {"Measurement": {
              "Operator": null,
              "RangeHigh": null,
              "MeasurementTypeExclude": false,
              "ValueAsConcept": null,
              "CorrelatedCriteria": null,
              "RangeHighRatio": null,
              "CodesetId": 0,
              "ProviderSpecialty": null,
              "Gender": null,
              "Unit": null,
              "RangeLowRatio": null,
              "MeasurementType": null,
              "MeasurementSourceConcept": null,
              "VisitType": null,
              "ValueAsNumber": {
                "Op": "gte",
                "Extent": 60,
                "Value": 30
              },
              "First": null,
              "OccurrenceStartDate": null,
              "RangeLow": null,
              "Abnormal": null,
              "Age": null
            }},
            {"ConditionOccurrence": {
              "OccurrenceEndDate": null,
              "CorrelatedCriteria": null,
              "ConditionTypeExclude": false,
              "CodesetId": 1,
              "ProviderSpecialty": null,
              "Gender": null,
              "VisitType": null,
              "First": null,
              "OccurrenceStartDate": null,
              "ConditionType": null,
              "ConditionSourceConcept": null,
              "ConditionStatus": null,
              "StopReason": null,
              "Age": null
            }},
            {"Observation": {
              "ValueAsConcept": null,
              "ObservationType": null,
              "CorrelatedCriteria": null,
              "ObservationTypeExclude": false,
              "ValueAsString": null,
              "CodesetId": 1,
              "ProviderSpecialty": null,
              "Gender": null,
              "Unit": null,
              "ObservationSourceConcept": null,
              "VisitType": null,
              "ValueAsNumber": null,
              "Qualifier": null,
              "First": null,
              "OccurrenceStartDate": null,
              "Age": null
            }},
            {"Measurement": {
              "Operator": null,
              "RangeHigh": null,
              "MeasurementTypeExclude": false,
              "ValueAsConcept": null,
              "CorrelatedCriteria": null,
              "RangeHighRatio": null,
              "CodesetId": 2,
              "ProviderSpecialty": null,
              "Gender": null,
              "Unit": [{
                "INVALID_REASON_CAPTION": "Unknown",
                "CONCEPT_ID": 9529,
                "STANDARD_CONCEPT": null,
                "CONCEPT_CODE": "kg",
                "VOCABULARY_ID": "UCUM",
                "CONCEPT_NAME": "kilogram",
                "DOMAIN_ID": "Unit",
                "STANDARD_CONCEPT_CAPTION": "Unknown",
                "CONCEPT_CLASS_ID": null,
                "INVALID_REASON": null
              }],
              "RangeLowRatio": null,
              "MeasurementType": null,
              "MeasurementSourceConcept": null,
              "VisitType": null,
              "ValueAsNumber": {
                "Op": "bt",
                "Extent": 200,
                "Value": 120
              },
              "First": null,
              "OccurrenceStartDate": null,
              "RangeLow": null,
              "Abnormal": null,
              "Age": null
            }},
            {"Observation": {
              "ValueAsConcept": null,
              "ObservationType": null,
              "CorrelatedCriteria": null,
              "ObservationTypeExclude": false,
              "ValueAsString": null,
              "CodesetId": 2,
              "ProviderSpecialty": null,
              "Gender": null,
              "Unit": [{
                "INVALID_REASON_CAPTION": "Unknown",
                "CONCEPT_ID": 9529,
                "STANDARD_CONCEPT": null,
                "CONCEPT_CODE": "kg",
                "VOCABULARY_ID": "UCUM",
                "CONCEPT_NAME": "kilogram",
                "DOMAIN_ID": "Unit",
                "STANDARD_CONCEPT_CAPTION": "Unknown",
                "CONCEPT_CLASS_ID": null,
                "INVALID_REASON": null
              }],
              "ObservationSourceConcept": null,
              "VisitType": null,
              "ValueAsNumber": {
                "Op": "bt",
                "Extent": 200,
                "Value": 120
              },
              "Qualifier": null,
              "First": null,
              "OccurrenceStartDate": null,
              "Age": null
            }}
          ],
          "PrimaryCriteriaLimit": {"Type": "First"},
          "ObservationWindow": {
            "PostDays": 0,
            "PriorDays": 0
          }
        }
      },
      "createdDate": null,
      "createdBy": null,
      "name": "obesity",
      "modifiedDate": null,
      "description": null,
      "expressionType": "SIMPLE_EXPRESSION",
      "modifiedBy": null,
      "id": 573
    },
    {
      "expression": {
        "ExpressionLimit": {"Type": "First"},
        "CollapseSettings": {
          "CollapseType": "ERA",
          "EraPad": 0
        },
        "CensorWindow": {
          "StartDate": null,
          "EndDate": null
        },
        "ConceptSets": [],
        "cdmVersionRange": ">=5.0.0",
        "CensoringCriteria": [],
        "QualifiedLimit": {"Type": "First"},
        "InclusionRules": [],
        "PrimaryCriteria": {
          "CriteriaList": [{"Death": {
            "CorrelatedCriteria": null,
            "CodesetId": null,
            "DeathSourceConcept": null,
            "DeathTypeExclude": false,
            "DeathType": null,
            "OccurrenceStartDate": null,
            "Gender": null,
            "Age": null
          }}],
          "PrimaryCriteriaLimit": {"Type": "First"},
          "ObservationWindow": {
            "PostDays": 0,
            "PriorDays": 0
          }
        }
      },
      "createdDate": null,
      "createdBy": null,
      "name": "death",
      "modifiedDate": null,
      "description": null,
      "expressionType": "SIMPLE_EXPRESSION",
      "modifiedBy": null,
      "id": 575
    }
  ],
  "name": "ple_obesity_vs_hyper",
  "conceptSets": [{
    "expression": {"items": [
      {
        "isExcluded": false,
        "concept": {
          "INVALID_REASON_CAPTION": "Valid",
          "CONCEPT_ID": 4266367,
          "STANDARD_CONCEPT": "S",
          "CONCEPT_CODE": "6142004",
          "VOCABULARY_ID": "SNOMED",
          "CONCEPT_NAME": "Influenza",
          "DOMAIN_ID": "Condition",
          "STANDARD_CONCEPT_CAPTION": "Standard",
          "CONCEPT_CLASS_ID": "Clinical Finding",
          "INVALID_REASON": "V"
        },
        "includeMapped": false,
        "includeDescendants": true
      },
      {
        "isExcluded": true,
        "concept": {
          "INVALID_REASON_CAPTION": "Valid",
          "CONCEPT_ID": 4252885,
          "STANDARD_CONCEPT": "S",
          "CONCEPT_CODE": "74644004",
          "VOCABULARY_ID": "SNOMED",
          "CONCEPT_NAME": "Influenza with encephalopathy",
          "DOMAIN_ID": "Condition",
          "STANDARD_CONCEPT_CAPTION": "Standard",
          "CONCEPT_CLASS_ID": "Clinical Finding",
          "INVALID_REASON": "V"
        },
        "includeMapped": false,
        "includeDescendants": false
      }
    ]},
    "name": "Influenza",
    "id": 328
  }],
  "doPositiveControlSynthesis": false,
  "id": 77,
  "packageName": "f",
  "negativeControls": [
    {
      "targetId": 574,
      "outcomeName": "Influenza",
      "comparatorId": 573,
      "outcomeId": 4266367,
      "type": "outcome"
    },
    {
      "targetId": 574,
      "outcomeName": "Influenza with encephalopathy",
      "comparatorId": 573,
      "outcomeId": 4252885,
      "type": "outcome"
    }
  ]
}