{
  "ExpressionLimit": {"Type": "First"},
  "CollapseSettings": {
    "CollapseType": "ERA",
    "EraPad": 0
  },
  "CensorWindow": {
    "StartDate": null,
    "EndDate": null
  },
  "ConceptSets": [
    {
      "expression": {"items": [
        {
          "isExcluded": false,
          "concept": {
            "INVALID_REASON_CAPTION": "Valid",
            "CONCEPT_ID": 3038553,
            "STANDARD_CONCEPT": "S",
            "CONCEPT_CODE": "39156-5",
            "VOCABULARY_ID": "LOINC",
            "CONCEPT_NAME": "Body mass index (BMI) [Ratio]",
            "DOMAIN_ID": "Measurement",
            "STANDARD_CONCEPT_CAPTION": "Standard",
            "CONCEPT_CLASS_ID": "Clinical Observation",
            "INVALID_REASON": "V"
          },
          "includeMapped": false,
          "includeDescendants": true
        },
        {
          "isExcluded": false,
          "concept": {
            "INVALID_REASON_CAPTION": "Valid",
            "CONCEPT_ID": 36304833,
            "STANDARD_CONCEPT": "S",
            "CONCEPT_CODE": "89270-3",
            "VOCABULARY_ID": "LOINC",
            "CONCEPT_NAME": "Body mass index (BMI) [Ratio] Estimated",
            "DOMAIN_ID": "Measurement",
            "STANDARD_CONCEPT_CAPTION": "Standard",
            "CONCEPT_CLASS_ID": "Clinical Observation",
            "INVALID_REASON": "V"
          },
          "includeMapped": false,
          "includeDescendants": true
        }
      ]},
      "name": "BMI measurement",
      "id": 0
    },
    {
      "expression": {"items": [
        {
          "isExcluded": false,
          "concept": {
            "INVALID_REASON_CAPTION": "Valid",
            "CONCEPT_ID": 4060985,
            "STANDARD_CONCEPT": "S",
            "CONCEPT_CODE": "162864005",
            "VOCABULARY_ID": "SNOMED",
            "CONCEPT_NAME": "Body mass index 30+ - obesity",
            "DOMAIN_ID": "Observation",
            "STANDARD_CONCEPT_CAPTION": "Standard",
            "CONCEPT_CLASS_ID": "Clinical Finding",
            "INVALID_REASON": "V"
          },
          "includeMapped": false,
          "includeDescendants": true
        },
        {
          "isExcluded": false,
          "concept": {
            "INVALID_REASON_CAPTION": "Valid",
            "CONCEPT_ID": 4256640,
            "STANDARD_CONCEPT": "S",
            "CONCEPT_CODE": "408512008",
            "VOCABULARY_ID": "SNOMED",
            "CONCEPT_NAME": "Body mass index 40+ - severely obese",
            "DOMAIN_ID": "Observation",
            "STANDARD_CONCEPT_CAPTION": "Standard",
            "CONCEPT_CLASS_ID": "Clinical Finding",
            "INVALID_REASON": "V"
          },
          "includeMapped": false,
          "includeDescendants": true
        },
        {
          "isExcluded": false,
          "concept": {
            "INVALID_REASON_CAPTION": "Valid",
            "CONCEPT_ID": 45766204,
            "STANDARD_CONCEPT": "S",
            "CONCEPT_CODE": "703316004",
            "VOCABULARY_ID": "SNOMED",
            "CONCEPT_NAME": "Lymphedema associated with obesity",
            "DOMAIN_ID": "Condition",
            "STANDARD_CONCEPT_CAPTION": "Standard",
            "CONCEPT_CLASS_ID": "Clinical Finding",
            "INVALID_REASON": "V"
          },
          "includeMapped": false,
          "includeDescendants": true
        },
        {
          "isExcluded": false,
          "concept": {
            "INVALID_REASON_CAPTION": "Valid",
            "CONCEPT_ID": 433736,
            "STANDARD_CONCEPT": "S",
            "CONCEPT_CODE": "414916001",
            "VOCABULARY_ID": "SNOMED",
            "CONCEPT_NAME": "Obesity",
            "DOMAIN_ID": "Condition",
            "STANDARD_CONCEPT_CAPTION": "Standard",
            "CONCEPT_CLASS_ID": "Clinical Finding",
            "INVALID_REASON": "V"
          },
          "includeMapped": false,
          "includeDescendants": true
        },
        {
          "isExcluded": false,
          "concept": {
            "INVALID_REASON_CAPTION": "Valid",
            "CONCEPT_ID": 4176962,
            "STANDARD_CONCEPT": "S",
            "CONCEPT_CODE": "363247006",
            "VOCABULARY_ID": "SNOMED",
            "CONCEPT_NAME": "Obesity associated disorder",
            "DOMAIN_ID": "Condition",
            "STANDARD_CONCEPT_CAPTION": "Standard",
            "CONCEPT_CLASS_ID": "Clinical Finding",
            "INVALID_REASON": "V"
          },
          "includeMapped": false,
          "includeDescendants": true
        },
        {
          "isExcluded": false,
          "concept": {
            "INVALID_REASON_CAPTION": "Valid",
            "CONCEPT_ID": 4081038,
            "STANDARD_CONCEPT": "S",
            "CONCEPT_CODE": "276792008",
            "VOCABULARY_ID": "SNOMED",
            "CONCEPT_NAME": "Pulmonary hypertension with extreme obesity",
            "DOMAIN_ID": "Condition",
            "STANDARD_CONCEPT_CAPTION": "Standard",
            "CONCEPT_CLASS_ID": "Clinical Finding",
            "INVALID_REASON": "V"
          },
          "includeMapped": false,
          "includeDescendants": true
        }
      ]},
      "name": "obesity diagnoses",
      "id": 1
    },
    {
      "expression": {"items": [
        {
          "isExcluded": false,
          "concept": {
            "INVALID_REASON_CAPTION": "Valid",
            "CONCEPT_ID": 3025315,
            "STANDARD_CONCEPT": "S",
            "CONCEPT_CODE": "29463-7",
            "VOCABULARY_ID": "LOINC",
            "CONCEPT_NAME": "Body weight",
            "DOMAIN_ID": "Measurement",
            "STANDARD_CONCEPT_CAPTION": "Standard",
            "CONCEPT_CLASS_ID": "Clinical Observation",
            "INVALID_REASON": "V"
          },
          "includeMapped": false,
          "includeDescendants": true
        },
        {
          "isExcluded": false,
          "concept": {
            "INVALID_REASON_CAPTION": "Valid",
            "CONCEPT_ID": 4099154,
            "STANDARD_CONCEPT": "S",
            "CONCEPT_CODE": "27113001",
            "VOCABULARY_ID": "SNOMED",
            "CONCEPT_NAME": "Body weight",
            "DOMAIN_ID": "Observation",
            "STANDARD_CONCEPT_CAPTION": "Standard",
            "CONCEPT_CLASS_ID": "Observable Entity",
            "INVALID_REASON": "V"
          },
          "includeMapped": false,
          "includeDescendants": true
        },
        {
          "isExcluded": false,
          "concept": {
            "INVALID_REASON_CAPTION": "Valid",
            "CONCEPT_ID": 3013762,
            "STANDARD_CONCEPT": "S",
            "CONCEPT_CODE": "3141-9",
            "VOCABULARY_ID": "LOINC",
            "CONCEPT_NAME": "Body weight Measured",
            "DOMAIN_ID": "Measurement",
            "STANDARD_CONCEPT_CAPTION": "Standard",
            "CONCEPT_CLASS_ID": "Clinical Observation",
            "INVALID_REASON": "V"
          },
          "includeMapped": false,
          "includeDescendants": true
        },
        {
          "isExcluded": false,
          "concept": {
            "INVALID_REASON_CAPTION": "Valid",
            "CONCEPT_ID": 3027492,
            "STANDARD_CONCEPT": "S",
            "CONCEPT_CODE": "8341-0",
            "VOCABULARY_ID": "LOINC",
            "CONCEPT_NAME": "Dry body weight Measured",
            "DOMAIN_ID": "Measurement",
            "STANDARD_CONCEPT_CAPTION": "Standard",
            "CONCEPT_CLASS_ID": "Clinical Observation",
            "INVALID_REASON": "V"
          },
          "includeMapped": false,
          "includeDescendants": true
        },
        {
          "isExcluded": false,
          "concept": {
            "INVALID_REASON_CAPTION": "Valid",
            "CONCEPT_ID": 3023166,
            "STANDARD_CONCEPT": "S",
            "CONCEPT_CODE": "3142-7",
            "VOCABULARY_ID": "LOINC",
            "CONCEPT_NAME": "Body weight Stated",
            "DOMAIN_ID": "Measurement",
            "STANDARD_CONCEPT_CAPTION": "Standard",
            "CONCEPT_CLASS_ID": "Clinical Observation",
            "INVALID_REASON": "V"
          },
          "includeMapped": false,
          "includeDescendants": true
        },
        {
          "isExcluded": true,
          "concept": {
            "INVALID_REASON_CAPTION": "Valid",
            "CONCEPT_ID": 4264825,
            "STANDARD_CONCEPT": "S",
            "CONCEPT_CODE": "364589006",
            "VOCABULARY_ID": "SNOMED",
            "CONCEPT_NAME": "Birth weight",
            "DOMAIN_ID": "Observation",
            "STANDARD_CONCEPT_CAPTION": "Standard",
            "CONCEPT_CLASS_ID": "Observable Entity",
            "INVALID_REASON": "V"
          },
          "includeMapped": false,
          "includeDescendants": true
        }
      ]},
      "name": "body weight",
      "id": 2
    }
  ],
  "cdmVersionRange": ">=5.0.0",
  "CensoringCriteria": [],
  "AdditionalCriteria": {
    "CriteriaList": [{
      "RestrictVisit": false,
      "StartWindow": {
        "UseEventEnd": false,
        "Start": {
          "Days": 365,
          "Coeff": -1
        },
        "End": {
          "Days": null,
          "Coeff": 1
        },
        "UseIndexEnd": false
      },
      "IgnoreObservationPeriod": false,
      "EndWindow": null,
      "Criteria": {"ObservationPeriod": {
        "PeriodType": null,
        "CorrelatedCriteria": null,
        "AgeAtStart": null,
        "UserDefinedPeriod": null,
        "AgeAtEnd": null,
        "First": null,
        "PeriodEndDate": null,
        "PeriodStartDate": null,
        "PeriodLength": null
      }},
      "Occurrence": {
        "Type": 2,
        "CountColumn": null,
        "IsDistinct": false,
        "Count": 1
      }
    }],
    "Type": "ALL",
    "DemographicCriteriaList": [],
    "Groups": [],
    "Count": null
  },
  "QualifiedLimit": {"Type": "First"},
  "InclusionRules": [],
  "PrimaryCriteria": {
    "CriteriaList": [
      {"Measurement": {
        "Operator": null,
        "RangeHigh": null,
        "MeasurementTypeExclude": false,
        "ValueAsConcept": null,
        "CorrelatedCriteria": null,
        "RangeHighRatio": null,
        "CodesetId": 0,
        "ProviderSpecialty": null,
        "Gender": null,
        "Unit": null,
        "RangeLowRatio": null,
        "MeasurementType": null,
        "MeasurementSourceConcept": null,
        "VisitType": null,
        "ValueAsNumber": {
          "Op": "gte",
          "Extent": 60,
          "Value": 30
        },
        "First": null,
        "OccurrenceStartDate": null,
        "RangeLow": null,
        "Abnormal": null,
        "Age": null
      }},
      {"ConditionOccurrence": {
        "OccurrenceEndDate": null,
        "CorrelatedCriteria": null,
        "ConditionTypeExclude": false,
        "CodesetId": 1,
        "ProviderSpecialty": null,
        "Gender": null,
        "VisitType": null,
        "First": null,
        "OccurrenceStartDate": null,
        "ConditionType": null,
        "ConditionSourceConcept": null,
        "ConditionStatus": null,
        "StopReason": null,
        "Age": null
      }},
      {"Observation": {
        "ValueAsConcept": null,
        "ObservationType": null,
        "CorrelatedCriteria": null,
        "ObservationTypeExclude": false,
        "ValueAsString": null,
        "CodesetId": 1,
        "ProviderSpecialty": null,
        "Gender": null,
        "Unit": null,
        "ObservationSourceConcept": null,
        "VisitType": null,
        "ValueAsNumber": null,
        "Qualifier": null,
        "First": null,
        "OccurrenceStartDate": null,
        "Age": null
      }},
      {"Measurement": {
        "Operator": null,
        "RangeHigh": null,
        "MeasurementTypeExclude": false,
        "ValueAsConcept": null,
        "CorrelatedCriteria": null,
        "RangeHighRatio": null,
        "CodesetId": 2,
        "ProviderSpecialty": null,
        "Gender": null,
        "Unit": [{
          "INVALID_REASON_CAPTION": "Unknown",
          "CONCEPT_ID": 9529,
          "STANDARD_CONCEPT": null,
          "CONCEPT_CODE": "kg",
          "VOCABULARY_ID": "UCUM",
          "CONCEPT_NAME": "kilogram",
          "DOMAIN_ID": "Unit",
          "STANDARD_CONCEPT_CAPTION": "Unknown",
          "CONCEPT_CLASS_ID": null,
          "INVALID_REASON": null
        }],
        "RangeLowRatio": null,
        "MeasurementType": null,
        "MeasurementSourceConcept": null,
        "VisitType": null,
        "ValueAsNumber": {
          "Op": "bt",
          "Extent": 200,
          "Value": 120
        },
        "First": null,
        "OccurrenceStartDate": null,
        "RangeLow": null,
        "Abnormal": null,
        "Age": null
      }},
      {"Observation": {
        "ValueAsConcept": null,
        "ObservationType": null,
        "CorrelatedCriteria": null,
        "ObservationTypeExclude": false,
        "ValueAsString": null,
        "CodesetId": 2,
        "ProviderSpecialty": null,
        "Gender": null,
        "Unit": [{
          "INVALID_REASON_CAPTION": "Unknown",
          "CONCEPT_ID": 9529,
          "STANDARD_CONCEPT": null,
          "CONCEPT_CODE": "kg",
          "VOCABULARY_ID": "UCUM",
          "CONCEPT_NAME": "kilogram",
          "DOMAIN_ID": "Unit",
          "STANDARD_CONCEPT_CAPTION": "Unknown",
          "CONCEPT_CLASS_ID": null,
          "INVALID_REASON": null
        }],
        "ObservationSourceConcept": null,
        "VisitType": null,
        "ValueAsNumber": {
          "Op": "bt",
          "Extent": 200,
          "Value": 120
        },
        "Qualifier": null,
        "First": null,
        "OccurrenceStartDate": null,
        "Age": null
      }}
    ],
    "PrimaryCriteriaLimit": {"Type": "First"},
    "ObservationWindow": {
      "PostDays": 0,
      "PriorDays": 0
    }
  }
}